model,mean_fit_time,std_fit_time,mean_score_time,std_score_time,param_model__C,param_model__class_weight,params,split0_test_average_precision,split1_test_average_precision,split2_test_average_precision,split3_test_average_precision,mean_test_average_precision,std_test_average_precision,rank_test_average_precision,split0_test_roc_auc,split1_test_roc_auc,split2_test_roc_auc,split3_test_roc_auc,mean_test_roc_auc,std_test_roc_auc,rank_test_roc_auc,param_model__max_depth,param_model__min_samples_leaf,param_model__l2_regularization,param_model__learning_rate,param_model__max_leaf_nodes
logistic_regression,1.3120602369308472,0.021216042022767966,0.11748671531677246,0.006240222966043906,0.1,,"{'model__C': 0.1, 'model__class_weight': None}",0.16799465163981578,0.16302241629760095,0.16687269839999538,0.16360043047212663,0.1653725492023847,0.002108874004756612,5,0.6392152990460997,0.6407010484528338,0.638299655822065,0.6416173164923272,0.6399583299533315,0.0012852200112146322,4,,,,,
logistic_regression,1.432226538658142,0.10544470996098801,0.10774791240692139,0.004476660615898274,0.1,balanced,"{'model__C': 0.1, 'model__class_weight': 'balanced'}",0.16725165880681753,0.16276271467607833,0.16729941010928445,0.16279642185809984,0.16502755136257002,0.002248078077535122,6,0.6390607752775604,0.6410844554235209,0.6390721551309376,0.6424798578089588,0.6404243109102444,0.0014446988011636614,1,,,,,
logistic_regression,1.4674167037010193,0.07312636619122483,0.11474215984344482,0.004829347431942915,1.0,,"{'model__C': 1.0, 'model__class_weight': None}",0.16998213759329345,0.16523111046903294,0.16589589424480553,0.16443846430751266,0.16638690165366113,0.00213887067698735,1,0.6391142478868022,0.6410779172508974,0.637285528394502,0.6422920985473175,0.6399424480198798,0.0019075694831265806,5,,,,,
logistic_regression,2.4577558636665344,0.08307180473829887,0.08940255641937256,0.012598372178674397,1.0,balanced,"{'model__C': 1.0, 'model__class_weight': 'balanced'}",0.16873358447154865,0.1638014749997344,0.16624606729458105,0.16485507165521007,0.16590904960526853,0.0018469108242443217,3,0.6392246017178271,0.6402920573284031,0.6388458775044932,0.6416886678544347,0.6400128011012896,0.0011033451821086655,3,,,,,
logistic_regression,1.1299569606781006,0.07254730757276928,0.08471441268920898,0.013232424492969836,10.0,,"{'model__C': 10.0, 'model__class_weight': None}",0.17031707385092826,0.16460328452921516,0.1656861830934751,0.16439778888391904,0.16625108258938437,0.0023979852160326506,2,0.6386866800511518,0.6404626183533613,0.6376631078635029,0.6423544954556147,0.6397917254309077,0.0017867586261523561,6,,,,,
logistic_regression,1.4846758246421814,0.08773174564616337,0.04154258966445923,0.005178870853986636,10.0,balanced,"{'model__C': 10.0, 'model__class_weight': 'balanced'}",0.16779351557839206,0.1632675208801656,0.16608276874809963,0.16448806704489843,0.16540796806288893,0.001701023584375901,4,0.6393439031567729,0.6406916675964612,0.6391419430169829,0.6413169869542136,0.6401236251811077,0.0009108307765090813,2,,,,,
random_forest,24.648546278476715,1.5025526318044946,14.117312371730804,0.5651824136261344,,,"{'model__max_depth': 10, 'model__min_samples_leaf': 10}",0.16478698105580833,0.1685787292307938,0.17055087643385258,0.17073193945875303,0.16866213154480192,0.0023914017497536273,1,0.6384197430815107,0.6444750664654995,0.6412831945511437,0.649404599888709,0.6433956509967157,0.004077215237017653,2,10,10.0,,,
random_forest,42.052789092063904,1.407422568758363,9.768409848213196,0.4862620741108215,,,"{'model__max_depth': 10, 'model__min_samples_leaf': 30}",0.16691920595175117,0.1650238259395454,0.16507346278410417,0.1696219057121135,0.16665960009687858,0.0018731149475346364,2,0.6384428222289258,0.6453601360508442,0.6410290230904094,0.6505201045254815,0.6438380214739152,0.004581640358676174,1,10,30.0,,,
random_forest,71.59165006875992,0.2884471647380441,0.4068374037742615,0.14724428135184514,,,"{'model__max_depth': None, 'model__min_samples_leaf': 10}",0.16495418835062664,0.16598991877784683,0.16657484996117036,0.16734863303670705,0.1662168975315877,0.000873914902282395,4,0.6286130227746447,0.639076810025577,0.6374232564221556,0.6413221037849623,0.6366087982518349,0.004819286740711168,4,,10.0,,,
random_forest,61.920354306697845,0.798094509704889,4.748944699764252,0.13306903544526572,,,"{'model__max_depth': None, 'model__min_samples_leaf': 30}",0.1638731649101202,0.16518298895240593,0.16555552286300296,0.1705494445304534,0.16629028031399562,0.002537168173852822,3,0.6353603002874029,0.6457977672140491,0.6421721728266439,0.6483081412330567,0.6429095953902881,0.004873948150315608,3,,30.0,,,
histogram_gradient_boosting,2.0186657309532166,0.25577813402302874,0.4270244836807251,0.07412713848808562,,,"{'model__l2_regularization': 0.0, 'model__learning_rate': 0.05, 'model__max_leaf_nodes': 15}",0.169136526974201,0.1669882043557113,0.170006642292277,0.1687063783875017,0.16870943800242275,0.001098612600879621,1,0.6352434842951018,0.6400796733187835,0.6409024525964717,0.6477491274737566,0.6409936844210284,0.004459387622412368,2,,,0.0,0.05,15.0
histogram_gradient_boosting,1.7483717799186707,0.09930786229393383,0.31052231788635254,0.04663013262779565,,,"{'model__l2_regularization': 0.0, 'model__learning_rate': 0.05, 'model__max_leaf_nodes': 31}",0.16434183541471373,0.16866578567699897,0.16742843185961598,0.17021740135218222,0.16766336357587772,0.0021572958343907024,4,0.6324663882398323,0.6358593894910245,0.638772074327652,0.6481868297040553,0.638821170440641,0.00584964501230449,7,,,0.0,0.05,31.0
histogram_gradient_boosting,1.4255167245864868,0.12161803943975638,0.2370471954345703,0.05189708773432886,,,"{'model__l2_regularization': 0.0, 'model__learning_rate': 0.1, 'model__max_leaf_nodes': 15}",0.16914391804227275,0.16495493168229208,0.1636757680587946,0.16939268800060436,0.16679182644599094,0.0025189689333577803,6,0.6337147925830864,0.6368509886498744,0.6396942764694721,0.6492474350109194,0.6398768731783382,0.005808786126599341,4,,,0.0,0.1,15.0
histogram_gradient_boosting,1.3005540370941162,0.08583745547281849,0.19407975673675537,0.028156210651264266,,,"{'model__l2_regularization': 0.0, 'model__learning_rate': 0.1, 'model__max_leaf_nodes': 31}",0.16690109836541417,0.1651095032206619,0.1623201222333814,0.1665106649812969,0.16521034720018862,0.0017967356303544258,8,0.6333714103759303,0.6316904871720342,0.6368178713841952,0.6480610764816956,0.6374852113534639,0.006379585657915687,8,,,0.0,0.1,31.0
histogram_gradient_boosting,2.0366021394729614,0.2556733068171501,0.22721731662750244,0.057789260779744084,,,"{'model__l2_regularization': 1.0, 'model__learning_rate': 0.05, 'model__max_leaf_nodes': 15}",0.1676077984425658,0.16754483875036963,0.165692544797566,0.1699922753635218,0.1677093643385058,0.0015261576023813703,3,0.6363118002757567,0.6407565873865858,0.6388550806931316,0.6497344222707215,0.6414144726565489,0.005055742459295919,1,,,1.0,0.05,15.0
histogram_gradient_boosting,2.081859052181244,0.07485173876688807,0.18664515018463135,0.024487806318548792,,,"{'model__l2_regularization': 1.0, 'model__learning_rate': 0.05, 'model__max_leaf_nodes': 31}",0.16697559861266092,0.16612865580459957,0.16424864779526133,0.1709402423637162,0.1670732861440595,0.0024409937289074377,5,0.6338817790912299,0.6346544469167896,0.6403591801984336,0.6499330903312508,0.639707124134426,0.006412093139278383,5,,,1.0,0.05,31.0
histogram_gradient_boosting,1.397027313709259,0.1307848402849439,0.18507254123687744,0.025933124598072874,,,"{'model__l2_regularization': 1.0, 'model__learning_rate': 0.1, 'model__max_leaf_nodes': 15}",0.17031948633366822,0.16540995469254777,0.1664868457059541,0.16944923982082796,0.1679163816382495,0.002027949420036449,2,0.6350103493998285,0.6406187172247447,0.6392009642383277,0.64838883791799,0.6408047171952227,0.004839943306010325,3,,,1.0,0.1,15.0
histogram_gradient_boosting,1.3018845319747925,0.17461612168345203,0.15960592031478882,0.023020243436032446,,,"{'model__l2_regularization': 1.0, 'model__learning_rate': 0.1, 'model__max_leaf_nodes': 31}",0.1642041707737441,0.1669900081372263,0.16635383290555053,0.16598750507338952,0.16588387922247763,0.0010339894136306314,7,0.6327496936509478,0.6365010187467887,0.6390296214753387,0.649748919957843,0.6395073134577295,0.0063210348574273606,6,,,1.0,0.1,31.0
